{
  "name": "", 
  "sprite": [
    {
      "angle": 0, 
      "filepath": "889399927484.png", 
      "name": "", 
      "position": {
        "x": 10.0, 
        "y": 1.5
      }, 
      "x mirror": false, 
      "x scale": 0.6578947368421053, 
      "x shear": 0, 
      "y mirror": false, 
      "y scale": 0.6470588235294118, 
      "y shear": 0
    }
  ]
}