{
  "name": "", 
  "sprite": [
    {
      "angle": 1.5707963267948966, 
      "filepath": "125498712971005.png", 
      "name": "", 
      "position": {
        "x": 0.0, 
        "y": 8.5625
      }, 
      "x mirror": false, 
      "x scale": 0.42441860465116277, 
      "x shear": 0, 
      "y mirror": false, 
      "y scale": 1.25, 
      "y shear": 0
    }
  ]
}