{
  "name": "", 
  "sprite": [
    {
      "angle": 1.5707963267948966, 
      "filepath": "63020276672043.png", 
      "name": "", 
      "position": {
        "x": 0.0, 
        "y": 7.75
      }, 
      "x mirror": false, 
      "x scale": 0.42567567567567566, 
      "x shear": 0, 
      "y mirror": false, 
      "y scale": 1.25, 
      "y shear": 0
    }
  ]
}