{
  "name": "", 
  "sprite": [
    {
      "angle": 1.5707963267948966, 
      "filepath": "1597102716201035.png", 
      "name": "", 
      "position": {
        "x": 0.0, 
        "y": 4.875
      }, 
      "x mirror": false, 
      "x scale": 0.43478260869565216, 
      "x shear": 0, 
      "y mirror": false, 
      "y scale": 1.25, 
      "y shear": 0
    }
  ]
}