{
  "name": "", 
  "sprite": [
    {
      "angle": 0, 
      "filepath": "1152187411791901.png", 
      "name": "", 
      "position": {
        "x": -0.1875, 
        "y": 0.1875
      }, 
      "x mirror": false, 
      "x scale": 0.42824074074074076, 
      "x shear": 0, 
      "y mirror": false, 
      "y scale": 0.41435185185185186, 
      "y shear": 0
    }
  ]
}