{
  "name": "", 
  "sprite": [
    {
      "angle": 3.141592653589793, 
      "filepath": "1252136312931433.png", 
      "name": "", 
      "position": {
        "x": -0.3125, 
        "y": -6.875
      }, 
      "x mirror": false, 
      "x scale": 0.625, 
      "x shear": 0, 
      "y mirror": false, 
      "y scale": 0.6339285714285714, 
      "y shear": 0
    }
  ]
}