{
  "name": "", 
  "sprite": [
    {
      "angle": 3.141592653589793, 
      "filepath": "56111035841170.png", 
      "name": "", 
      "position": {
        "x": 0.3125, 
        "y": -5.9375
      }, 
      "x mirror": false, 
      "x scale": 0.625, 
      "x shear": 0, 
      "y mirror": false, 
      "y scale": 0.6343283582089553, 
      "y shear": 0
    }
  ]
}