{
  "name": "", 
  "sprite": [
    {
      "angle": 0, 
      "filepath": "00321238.png", 
      "name": "", 
      "position": {
        "x": 200.625, 
        "y": 149.4375
      }, 
      "x mirror": false, 
      "x scale": 1.25, 
      "x shear": 0, 
      "y mirror": false, 
      "y scale": 1.2552521008403361, 
      "y shear": 0
    }, 
    {
      "angle": 3.141592653589793, 
      "filepath": "00321238.png", 
      "name": "", 
      "position": {
        "x": -200.625, 
        "y": -149.3125
      }, 
      "x mirror": false, 
      "x scale": 1.25, 
      "x shear": 0, 
      "y mirror": false, 
      "y scale": 1.2552521008403361, 
      "y shear": 0
    }, 
    {
      "angle": 0, 
      "filepath": "00321238.png", 
      "name": "", 
      "position": {
        "x": -200.625, 
        "y": 149.4375
      }, 
      "x mirror": true, 
      "x scale": 1.25, 
      "x shear": 0, 
      "y mirror": false, 
      "y scale": 1.2552521008403361, 
      "y shear": 0
    }, 
    {
      "angle": 3.141592653589793, 
      "filepath": "00321238.png", 
      "name": "", 
      "position": {
        "x": 200.625, 
        "y": -149.3125
      }, 
      "x mirror": true, 
      "x scale": 1.25, 
      "x shear": 0, 
      "y mirror": false, 
      "y scale": 1.2552521008403361, 
      "y shear": 0
    }
  ]
}