{
  "name": "", 
  "sprite": [
    {
      "angle": 0, 
      "filepath": "23812142941272.png", 
      "name": "", 
      "position": {
        "x": 0.0, 
        "y": 0.0
      }, 
      "x mirror": false, 
      "x scale": 1.2723214285714286, 
      "x shear": 0, 
      "y mirror": false, 
      "y scale": 1.271551724137931, 
      "y shear": 0
    }
  ]
}