{
  "name": "", 
  "sprite": [
    {
      "angle": 1.5707963267948966, 
      "filepath": "12619721892032.png", 
      "name": "", 
      "position": {
        "x": 0.0, 
        "y": -0.625
      }, 
      "x mirror": false, 
      "x scale": 1.2698412698412698, 
      "x shear": 0, 
      "y mirror": false, 
      "y scale": 1.2708333333333333, 
      "y shear": 0
    }
  ]
}