{
  "name": "", 
  "sprite": [
    {
      "angle": 1.5707963267948966, 
      "filepath": "26018332861887.png", 
      "name": "", 
      "position": {
        "x": 0.0, 
        "y": 0.0
      }, 
      "x mirror": false, 
      "x scale": 1.25, 
      "x shear": 0, 
      "y mirror": false, 
      "y scale": 1.2731481481481481, 
      "y shear": 0
    }
  ]
}