{
  "name": "", 
  "sprite": [
    {
      "angle": 0, 
      "filepath": "11617171881779.png", 
      "name": "", 
      "position": {
        "x": -19.375, 
        "y": 0.0
      }, 
      "x mirror": false, 
      "x scale": 3.1684027777777777, 
      "x shear": 0, 
      "y mirror": false, 
      "y scale": 3.0483870967741935, 
      "y shear": 0
    }
  ]
}