{
  "name": "", 
  "sprite": [
    {
      "angle": 0, 
      "filepath": "1227123812491260.png", 
      "name": "", 
      "position": {
        "x": -0.0625, 
        "y": 0.0
      }, 
      "x mirror": false, 
      "x scale": 0.3039772727272727, 
      "x shear": 0, 
      "y mirror": false, 
      "y scale": 0.3039772727272727, 
      "y shear": 0
    }
  ]
}