{
  "name": "", 
  "sprite": [
    {
      "angle": 0, 
      "filepath": "35018723721894.png", 
      "name": "", 
      "position": {
        "x": 0.0, 
        "y": 0.0
      }, 
      "x mirror": false, 
      "x scale": 0.8409090909090909, 
      "x shear": 0, 
      "y mirror": false, 
      "y scale": 0.8409090909090909, 
      "y shear": 0
    }
  ]
}