{
  "name": "", 
  "sprite": [
    {
      "angle": 1.5707963267948966, 
      "filepath": "1573154815911605.png", 
      "name": "", 
      "position": {
        "x": 0.5, 
        "y": 0.0
      }, 
      "x mirror": false, 
      "x scale": 0.9756944444444444, 
      "x shear": 0, 
      "y mirror": false, 
      "y scale": 1.1217105263157894, 
      "y shear": 0
    }
  ]
}