{
  "name": "", 
  "sprite": [
    {
      "angle": 3.141592653589793, 
      "filepath": "1920110319741113.png", 
      "name": "", 
      "position": {
        "x": -1.25, 
        "y": 0.0
      }, 
      "x mirror": false, 
      "x scale": 0.8573113207547169, 
      "x shear": 0, 
      "y mirror": false, 
      "y scale": 0.91875, 
      "y shear": 0
    }
  ]
}