{
  "name": "", 
  "sprite": [
    {
      "angle": 1.5707963267948966, 
      "filepath": "15212691801278.png", 
      "name": "", 
      "position": {
        "x": -0.0625, 
        "y": 2.9375
      }, 
      "x mirror": false, 
      "x scale": 1.0245535714285714, 
      "x shear": 0, 
      "y mirror": false, 
      "y scale": 1.1041666666666667, 
      "y shear": 0
    }
  ]
}