{
  "name": "", 
  "sprite": [
    {
      "angle": 1.5707963267948966, 
      "filepath": "16110412091105.png", 
      "name": "", 
      "position": {
        "x": 0.0, 
        "y": 0.0
      }, 
      "x mirror": false, 
      "x scale": 1.2760416666666667, 
      "x shear": 0, 
      "y mirror": false, 
      "y scale": 1.26953125, 
      "y shear": 0
    }
  ]
}