{
  "name": "", 
  "sprite": [
    {
      "angle": 1.5707963267948966, 
      "filepath": "14211712081236.png", 
      "name": "", 
      "position": {
        "x": -0.3125, 
        "y": 0.625
      }, 
      "x mirror": false, 
      "x scale": 0.625, 
      "x shear": 0, 
      "y mirror": false, 
      "y scale": 0.625, 
      "y shear": 0
    }, 
    {
      "angle": 1.5707963267948966, 
      "filepath": "1562121216891319.png", 
      "name": "", 
      "position": {
        "x": 2.1875, 
        "y": 50.3125
      }, 
      "x mirror": false, 
      "x scale": 0.625, 
      "x shear": 0, 
      "y mirror": false, 
      "y scale": 0.625, 
      "y shear": 0
    }
  ]
}