{
  "name": "", 
  "sprite": [
    {
      "angle": 3.141592653589793, 
      "filepath": "747577762638.png", 
      "name": "", 
      "position": {
        "x": 0.3125, 
        "y": 38.125
      }, 
      "x mirror": false, 
      "x scale": 1.3333333333333333, 
      "x shear": 0, 
      "y mirror": false, 
      "y scale": 1.25, 
      "y shear": 0
    }
  ]
}