
{
	"name" : "",
	"sprite" : 
	[
		
		{
			"add color" : "0x00000000",
			"angle" : 1.570796370506287,
			"clip" : false,
			"filepath" : "..\\png\\1682169417211743.png",
			"multi color" : "0xffffffff",
			"name" : "",
			"position" : 
			{
				"x" : 0.6000000238418579,
				"y" : 3.150000095367432
			},
			"tag" : "",
			"x mirror" : false,
			"x offset" : 0.0,
			"x scale" : 0.6999999880790710,
			"x shear" : 0.0,
			"y mirror" : false,
			"y offset" : 0.0,
			"y scale" : 0.7142857313156128,
			"y shear" : 0.0
		}
	],
	"use_render_cache" : false,
	"xmax" : 0.0,
	"xmin" : 0.0,
	"ymax" : 0.0,
	"ymin" : 0.0
}
