{
  "name": "", 
  "sprite": [
    {
      "angle": 1.5707963267948966, 
      "filepath": "../png/9804041006569.png", 
      "name": "", 
      "position": {
        "x": 18.15, 
        "y": 24.175
      }, 
      "x mirror": false, 
      "x scale": 0.46730769230769226, 
      "x shear": 0, 
      "y mirror": false, 
      "y scale": 0.45272727272727276, 
      "y shear": 0
    }
  ]
}