
{
	"name" : "char_info_baji",
	"sprite" : 
	[
		
		{
			"add color" : "0x00000000",
			"angle" : 0.0,
			"clip" : false,
			"filepath" : "baji01_complex.json",
			"multi color" : "0xffffffff",
			"name" : "_sprite24",
			"position" : 
			{
				"x" : -6.0,
				"y" : -150.1999969482422
			},
			"tag" : "",
			"x mirror" : false,
			"x offset" : 0.3499999940395355,
			"x scale" : 0.6999999880790710,
			"x shear" : 0.0,
			"y mirror" : false,
			"y offset" : 0.6999999880790710,
			"y scale" : 0.6999999880790710,
			"y shear" : 0.0
		}
	],
	"xmax" : 0.0,
	"xmin" : 0.0,
	"ymax" : 0.0,
	"ymin" : 0.0
}
